"","R","G","B","H","S","V","Pixel","Berat","Class"
"250",180,103,26,104,236,178,18372,36,"Belum Matang"
"234",160,71,22,109,234,162,21150,40,"Setengah Matang"
"77",169,92,25,106,234,170,19128,38,"Setengah Matang"
"174",165,84,25,107,236,166,19188,52,"Setengah Matang"
"254",156,108,22,100,236,154,16572,36,"Belum Matang"
"142",123,46,16,112,241,119,14649,35,"Setengah Matang"
"351",132.630000586156,64.438333431026,16.8766668620519,107.561666568974,240,126.506667448208,16689.8201840529,35.561666568974,"Belum Matang"
"24",134.693947065622,100.858393747592,16.1926150748041,97.1671106636059,241.294632719597,132.424818757223,14141.0452876878,29.2436238972005,"Belum Matang"
"191",172,68,35,112,220,175,26325,45,"Setengah Matang"
"181.1",126,47,23,113,232,119,21147,45,"Setengah Matang"
"321",132.641348174075,70.0953716859221,14.5848089044448,105.754426713334,241.302112556295,132.810965982964,14079.6634787251,32.1696178088896,"Belum Matang"
"64",159,67,25,110,233,163,20886,27,"Setengah Matang"
"255",126,82,13,99,246,111,12336,36,"Belum Matang"
"31",117,97,14,95,243,114,12870,29,"Belum Matang"
"140.1",144,69,18,107,240,147,18420,35,"Setengah Matang"
"278.1",132,47,19,113,239,126,14790,39,"Setengah Matang"
"162",211,100,32,108,223,211,21375,30,"Belum Matang"
"14",135,55,16,110,238,138,16794,35,"Belum Matang"
"231",139,70,17,107,238,137,18222,40,"Setengah Matang"
"168.4",122,55,14,108,241,115,16572,52,"Setengah Matang"
"220",173,86,24,107,237,173,14289,26,"Belum Matang"
"33",124,99,13,96,245,120,12648,29,"Belum Matang"
"25",122.422347387997,62.8275755820796,14.1982572686393,105.91378779104,242.715530522401,118.508559596958,14262.8881275512,35.5431061044801,"Belum Matang"
"240",160,89,23,105,237,162,19707,40,"Setengah Matang"
"48.2",145,71,18,108,238,144,24753,56,"Setengah Matang"
"60",138,53,21,112,238,135,23091,56,"Setengah Matang"
"278",132,47,19,113,239,126,14790,39,"Setengah Matang"
"67",160,63,23,111,237,167,19020,27,"Setengah Matang"
"361",153.370378511027,92.8858017907478,20.3425946277566,103.228396418504,241.028804775327,152.484576720279,12808.2907489305,27.8858017907478,"Belum Matang"
"9",148,55,18,111,238,150,17598,35,"Belum Matang"
"55.2",137,58,18,110,237,134,27039,56,"Setengah Matang"
"11",136,65,18,107,240,131,17748,35,"Belum Matang"
"280",131,50,16,110,240,128,12897,39,"Setengah Matang"
"144.2",160,63,20,111,238,161,18816,35,"Setengah Matang"
"2",110,38,14,113,244,108,13161,35,"Belum Matang"
"223",170,93,21,105,243,171,11292,26,"Belum Matang"
"236",202,102,34,107,226,203,29706,40,"Setengah Matang"
"225",173,105,23,102,241,174,12348,26,"Belum Matang"
"164",139,68,17,107,237,142,15333,30,"Belum Matang"
"138",169,78,28,109,229,171,22185,35,"Setengah Matang"
"44",129,107,14,95,243,125,13698,29,"Belum Matang"
"56",179,72,30,111,232,182,33570,56,"Setengah Matang"
"76",122,62,15,105,241,115,15963,38,"Setengah Matang"
"48.1",145,71,18,108,238,144,24753,56,"Setengah Matang"
"222",176,91,26,107,236,177,14547,26,"Belum Matang"
"50",139,64,17,109,239,136,23304,56,"Setengah Matang"
"284",132,53,16,110,239,129,13182,39,"Setengah Matang"
"168.3",122,55,14,108,241,115,16572,52,"Setengah Matang"
"59.1",135,61,17,109,240,134,22770,56,"Setengah Matang"
"245",154,94,21,103,236,155,17259,36,"Belum Matang"
"42",174,106,23,102,241,172,19614,29,"Belum Matang"
"212",158,88,18,104,239,158,12807,26,"Belum Matang"
"22",132.417241430841,53.3046653810889,16.6291413167492,110.615889103152,238.12582826335,129.920554484241,15862.5888425494,33.8675456298515,"Belum Matang"
"243",133,91,13,100,244,129,12615,36,"Belum Matang"
"110",176.800665806513,108.906990968389,21.2990012902301,101.59800258046,238.501664516283,177.900332903257,14715.4787690488,26.3986683869734,"Belum Matang"
"238.1",203,100,35,108,224,203,29751,40,"Setengah Matang"
"441",132.839867565315,77.3532449719496,17.4254304664209,103.265298031736,241.149139067158,127.265298031736,16490.5545757622,33.2762913992628,"Belum Matang"
"48",145,71,18,108,238,144,24753,56,"Setengah Matang"
"157",173,99,22,104,236,174,14817,30,"Belum Matang"
"37",130,87,13,101,245,127,11040,29,"Belum Matang"
"153",154,72,19,108,239,155,12615,30,"Belum Matang"
"171",116,45,15,111,240,112,15867,52,"Setengah Matang"
"87",133,58,19,108,242,126,14931,38,"Setengah Matang"
"610",132.063294088934,79.4345883405767,14.719411740778,103.063294088934,243.280588259222,128.375529392622,13346.7627914278,31.0632940889336,"Belum Matang"
"283",171,67,27,111,232,173,18993,39,"Setengah Matang"
"170.1",139,63,17,108,237,135,20958,52,"Setengah Matang"
"58",170.735451008426,88.0512030306272,22.9487969693728,106.948796969373,236.068270707503,170.71838333155,15115.3007013334,29.9914661615621,"Belum Matang"
"49",181,88,29,108,231,181,31419,56,"Setengah Matang"
"7",142,62,18,109,238,146,17106,35,"Belum Matang"
"45",148,99,18,100,240,144,14346,29,"Belum Matang"
"17",163.554995892802,107.955848126672,18.9705654177815,99.7316033861134,240.522075936664,163.286599278916,14230.9461563893,26.7610379683319,"Belum Matang"
"38",177,121,25,100,241,175,16731,29,"Belum Matang"
"142.1",123,46,16,112,241,119,14649,35,"Setengah Matang"
"252",130,64,16,108,240,123,15864,36,"Belum Matang"
"235.1",163,71,23,109,234,163,21984,40,"Setengah Matang"
"185",136,50,20,112,235,134,21771,45,"Setengah Matang"
"54",190,89,32,109,227,191,40188,56,"Setengah Matang"
"55",137,58,18,110,237,134,27039,56,"Setengah Matang"
"227",152,85,17,104,239,152,18783,40,"Setengah Matang"
"184",141,56,25,112,230,139,20040,45,"Setengah Matang"
"174.1",165,84,25,107,236,166,19188,52,"Setengah Matang"
"30",132.701745080994,87.4912263783626,13.9824527567253,101,244.263160432456,129.210518702632,11679.5767446281,29,"Belum Matang"
"531",138.227850312833,91.7614951319993,16.7201868914999,101.2798131085,243.7201868915,136.134579276666,12030.8731058906,29.6528972531669,"Belum Matang"
"65.2",180,72,33,111,227,183,22842,27,"Setengah Matang"
"177",137,72,22,106,236,129,16020,52,"Setengah Matang"
"27",126.944428477436,93.1840267798398,14.5520803395193,97.7361071193591,244,124.944428477436,11281.6243892619,29,"Belum Matang"
"159",178,78,28,109,231,178,15942,30,"Belum Matang"
"310",173.311868106946,96.8621610766277,22.2293772976846,104.688131893054,237.155934053473,173.697179458104,14999.5082433159,28.4587545953691,"Belum Matang"
"62",157,61,24,111,234,161,18879,27,"Setengah Matang"
"18",135.909846310038,65.1532612729352,17.9549231550191,106.92787704803,240.054092213977,130.819692620076,17699.2088229926,35.0090153689962,"Belum Matang"
"203",152,52,21,113,235,153,22353,62,"Setengah Matang"
"64.2",159,67,25,110,233,163,20886,27,"Setengah Matang"
"47",133.327201896347,84.3857699385844,14.9012582264841,101.950629113242,243.574056330137,130.089544618037,12007.5027800021,30.425943669863,"Belum Matang"
"381",174.461400233209,100.210950991139,21.6346499416977,103.538599766791,236.778725204058,175.14407526236,15607.6898979535,26,"Belum Matang"
"65",180,72,33,111,227,183,22842,27,"Setengah Matang"
"189",145,49,22,113,234,145,20085,45,"Setengah Matang"
"186.2",164,65,33,112,220,167,25044,45,"Setengah Matang"
"193",110,34,15,114,236,105,21321,45,"Setengah Matang"
"236.1",202,102,34,107,226,203,29706,40,"Setengah Matang"
"154",171,88,23,107,236,171,15144,30,"Belum Matang"
"279.1",145,55,17,111,238,146,15504,39,"Setengah Matang"
"281",166,68,22,110,236,167,17160,39,"Setengah Matang"
"234.1",160,71,22,109,234,162,21150,40,"Setengah Matang"
"491",157.273891186342,74.2721841130406,17.5456485310569,107.36390794348,239.545221762732,158.819539717399,13557.3801564993,29.9091297062114,"Belum Matang"
"274",167,72,26,110,231,170,19137,39,"Setengah Matang"
"371",173.461447539739,109.391567063518,20.3566268254071,100.919578353176,239.402108234121,174.059339305619,14595.7717727409,26.8042164682411,"Belum Matang"
"201",129,46,24,114,233,119,20811,62,"Setengah Matang"
"184.1",141,56,25,112,230,139,20040,45,"Setengah Matang"
"151",148,68,15,108,242,150,11937,30,"Belum Matang"
"29",126.96778691723,78.6031022323295,13.4664943204261,102.865977281705,244.533505679574,123.96778691723,11384.2728084745,30.3994829612784,"Belum Matang"
"237.1",182,89,28,108,230,183,24486,40,"Setengah Matang"
"149",165,76,21,108,238,166,19128,35,"Setengah Matang"
"188",175,63,29,113,229,176,23838,45,"Setengah Matang"
"207",111,35,15,114,239,108,16602,62,"Setengah Matang"
"194",116,38,18,114,237,113,17313,45,"Setengah Matang"
"177.1",137,72,22,106,236,129,16020,52,"Setengah Matang"
"219",169,77,23,109,232,169,17412,26,"Belum Matang"
"160",168,73,22,110,235,168,17082,30,"Belum Matang"
"52",135.103600494564,60.0698027200997,16.2072009891272,108.344599258155,240.896399505436,131.448199752718,14845.0102016442,30.9662022255361,"Belum Matang"
"72",151.476094522513,87.7670033758041,16.8350168790203,103.301010127412,240.397979745176,150.777104649926,12395.2949650458,26.6989898725878,"Belum Matang"
"421",162.705232093809,106.547531307908,19.1252763401717,99.8282977126073,240.171702287393,163.002210721374,14153.1532777464,26.7030213724356,"Belum Matang"
"71",134,45,19,113,238,131,16104,27,"Setengah Matang"
"253",111,61,11,105,245,108,11331,36,"Belum Matang"
"66.1",128,45,18,113,236,127,18570,27,"Setengah Matang"
"205",128,43,20,114,233,120,21909,62,"Setengah Matang"
"144.3",160,63,20,111,238,161,18816,35,"Setengah Matang"
"242",173,107,24,103,234,175,21186,36,"Belum Matang"
"239.1",110,44,12,110,242,111,13779,40,"Setengah Matang"
"481",159.099781051278,80.5623631570488,20.7687089471146,107,236.371881842148,160.215426577721,15214.2856681659,30,"Belum Matang"
"170",139,63,17,108,237,135,20958,52,"Setengah Matang"
"178.1",167,86,24,107,236,168,18519,52,"Setengah Matang"
"13",137,58,19,110,239,137,16047,35,"Belum Matang"
"1510",162.032879705541,101.021919803694,18.5054799509235,101.997808019631,241.993424058892,161.536167676095,13704.837747064,27.4967120294459,"Belum Matang"
"178",167,86,24,107,236,168,18519,52,"Setengah Matang"
"196",114,40,17,113,236,111,20202,62,"Setengah Matang"
"411",135.808007534593,83.3699952908792,14.4520018836483,102.69400219759,243.547998116352,133.776008790359,11421.1504944577,29.2420003139414,"Belum Matang"
"4",101,34,13,113,242,98,13026,35,"Belum Matang"
"247",156,79,23,107,234,156,17625,36,"Belum Matang"
"40",147,89,18,103,244,145,12906,29,"Belum Matang"
"43",125,108,16,94,244,118,13371,29,"Belum Matang"
"51",164.303057771642,82.5107030915096,22.0119265564717,107.658715629019,236.878287505358,164.083485895302,14926.2944846093,30.548929690849,"Belum Matang"
"65.1",180,72,33,111,227,183,22842,27,"Setengah Matang"
"131",142.409891971387,77.733229193138,17.6024729928467,105.217310949927,240.987635035766,141.012364964234,13537.8112471411,33.2173109499272,"Belum Matang"
"15",134,46,15,112,242,131,15579,35,"Belum Matang"
"229",122,66,12,104,246,118,13107,40,"Setengah Matang"
"311",143.947934858035,91.1800465299748,17.563990694005,102.12798138801,244,141.947934858035,12415.4895307557,29,"Belum Matang"
"186.1",164,65,33,112,220,167,25044,45,"Setengah Matang"
"551",144.862383930245,92.8212402593344,18.0314147730824,101.884069805499,242.968585226918,143.157073865412,12150.5411786987,28.5579650972504,"Belum Matang"
"191.1",172,68,35,112,220,175,26325,45,"Setengah Matang"
"331",168.884986719349,76.7366105928086,21.9016681422945,109.115013280651,235.393327430822,168.983318577055,16854.5584131272,29.606672569178,"Belum Matang"
"121",155.248041736428,81.2932985529769,20.3884537192062,106.082680578809,238.070205991389,155.789382025832,17051.7397602252,34.9297940086108,"Belum Matang"
"10",126,45,16,112,238,123,16020,35,"Belum Matang"
"168.2",122,55,14,108,241,115,16572,52,"Setengah Matang"
"239",110,44,12,110,242,111,13779,40,"Setengah Matang"
"561",166.958984533325,94,20.4785786494613,104.478578649461,237.912487363443,170.176852507517,13442.8909497801,26.391066012904,"Belum Matang"
"178.2",167,86,24,107,236,168,18519,52,"Setengah Matang"
"34",123,105,14,94,243,120,13818,29,"Belum Matang"
"501",154.396801725728,94.2932882320601,21,102.965495502111,236.051756746834,155.396801725728,17216.0419001277,35.8274775105529,"Belum Matang"
"49.1",181,88,29,108,231,181,31419,56,"Setengah Matang"
"277",138,48,17,112,239,136,15753,39,"Setengah Matang"
"401",140.156617372297,91.494122043252,17.0783086861484,101.626469489187,243.53014788311,138.626469489187,12197.9937537401,29.4698521168903,"Belum Matang"
"101",158.460954280803,94.1160518454853,18.8318871955853,102.840564022074,241.663774391171,159.2841646499,12936.3644607347,27.5130152397323,"Belum Matang"
"249",138,77,17,104,242,129,13530,36,"Belum Matang"
"144",160,63,20,111,238,161,18816,35,"Setengah Matang"
"224",163,100,19,102,242,165,11964,26,"Belum Matang"
"391",161.059016800253,104.071703687077,18.8312188521959,101,242.168781147804,162.721454504644,12094.1384237255,26.2531717217062,"Belum Matang"
"55.1",137,58,18,110,237,134,27039,56,"Setengah Matang"
"246",158,79,21,107,237,159,18003,36,"Belum Matang"
"141",129.653195413295,93.9360917340964,13.3468045867048,98.9191724797711,244.30639082659,126.30639082659,11961.8065914614,29,"Belum Matang"
"183",131,48,20,113,233,128,20046,45,"Setengah Matang"
"214",169,101,21,103,240,172,12789,26,"Belum Matang"
"204",169,60,25,113,231,169,25422,62,"Setengah Matang"
"226",147.191222541267,87.4192981107626,17.1929811076261,103.515788664576,241.226317003137,145.449116873555,12760.7994465698,29.4192981107626,"Belum Matang"
"451",150.352481156588,103.058421012014,20.2351503614336,100.352969927713,238.823759421706,148.352481156588,14880.9210763257,33.5292105060071,"Belum Matang"
"181.2",126,47,23,113,232,119,21147,45,"Setengah Matang"
"431",168.849505947903,102.742262605112,20.142053257674,102.286920113489,239.321730028372,169.42053257674,14582.0748535157,26.9651900851168,"Belum Matang"
"3",117,51,15,109,243,114,12516,35,"Belum Matang"
"233",173,84,26,108,235,172,23283,40,"Setengah Matang"
"81",133.161993051181,84.2314186445437,13.0925674578175,101.976858135546,242.046283728909,131.161993051181,12402.281774207,35.8380069488194,"Belum Matang"
"26",150.594156866428,96.444805430714,19.0373378589284,101.407467571786,241.555194569286,148.594156866428,12487.5487694764,29.4074675717857,"Belum Matang"
"80",153,56,22,112,239,156,18657,38,"Setengah Matang"
"79",125,51,14,110,238,123,16080,38,"Setengah Matang"
"217",144,70,18,107,242,146,11124,26,"Belum Matang"
"461",139.295199993998,90.4759999699891,17.4405000037514,101.881000007503,243.207099993248,137.207099993248,12324.6651046299,29.5286000045016,"Belum Matang"
"148.1",134,65,16,107,242,130,15408,35,"Setengah Matang"
"1",108,40,11,110,245,107,11766,35,"Belum Matang"
"341",149.434105111985,99.5934228049591,18.1483557012398,100.049451900413,239.950548099587,145.681364614051,14366.9181538748,28.8516442987602,"Belum Matang"
"59.2",135,61,17,109,240,134,22770,56,"Setengah Matang"
"251",144,67,18,108,239,143,14697,36,"Belum Matang"
"8",126,59,18,108,241,121,13608,35,"Belum Matang"
"175",156,68,26,110,231,158,18933,52,"Setengah Matang"
"215",163,105,19,101,242,165,12123,26,"Belum Matang"
"21",149.129402153892,79.1939482744783,19.7742435343098,105.22575646569,240.354848706862,146.258494395064,15831.8169829454,31.8063616382424,"Belum Matang"
"209",133,50,18,112,238,130,19911,62,"Setengah Matang"
"216",177,111,21,101,239,178,14769,26,"Belum Matang"
"64.1",159,67,25,110,233,163,20886,27,"Setengah Matang"
"66",128,45,18,113,236,127,18570,27,"Setengah Matang"
"46",156,77,22,107,237,153,30480,56,"Setengah Matang"
"208",128,44,16,113,237,124,21195,62,"Setengah Matang"
"541",173.158635738073,101.122206183616,21,103.19506529253,241.19506529253,174.158635738073,12860.9394944685,26,"Belum Matang"
"218",188,101,30,105,234,187,14310,26,"Belum Matang"
"12",144,76,21,105,239,140,15111,35,"Belum Matang"
"198",149,54,25,113,230,147,23010,62,"Setengah Matang"
"168",122,55,14,108,241,115,16572,52,"Setengah Matang"
"161",146,63,16,109,240,143,13146,30,"Belum Matang"
"163",129,56,16,109,240,129,10947,30,"Belum Matang"
"139",136,60,18,108,239,138,18765,35,"Setengah Matang"
"279.2",145,55,17,111,238,146,15504,39,"Setengah Matang"
"152",160,73,18,108,239,162,13809,30,"Belum Matang"
"244",133,84,13,102,242,131,12417,36,"Belum Matang"
"19",137.121285931207,65.2803214828018,17.7196785171982,107.093440494267,240.186880988535,132.775369391078,17205.0172878129,34.5327975286637,"Belum Matang"
"145",172,74,28,110,233,174,23865,35,"Setengah Matang"
"16",176.760296726832,110.628846544772,20.9613381817471,101.061858909205,239.007732363651,177.72936727223,14756.4503737951,26.0309294546023,"Belum Matang"
"20",143.411613846198,70.1881296923384,19.8529034615494,107,237.776515846141,140.264517307747,17702.4185748459,35.3705806923099,"Belum Matang"
"41",141,89,17,101,242,136,13644,29,"Belum Matang"
"231.1",139,70,17,107,238,137,18222,40,"Setengah Matang"
"32",116,92,13,96,244,114,12141,29,"Belum Matang"
"241",121,70,14,104,241,118,14460,36,"Belum Matang"
"83",172,90,24,106,236,172,18246,38,"Setengah Matang"
"183.1",131,48,20,113,233,128,20046,45,"Setengah Matang"
"179",140,61,17,109,239,139,17937,52,"Setengah Matang"
"158",171,82,22,108,239,171,13329,30,"Belum Matang"
"165",175,90,24,107,234,177,14232,30,"Belum Matang"
"39",147,91,16,103,245,145,12636,29,"Belum Matang"
"279",145,55,17,111,238,146,15504,39,"Setengah Matang"
"276",172,70,25,111,233,173,17583,39,"Setengah Matang"
"5",132,54,22,111,235,129,17952,35,"Belum Matang"
"211",107,60,7,103,248,104,8103,26,"Belum Matang"
"155",166,100,22,102,238,164,13515,30,"Belum Matang"
"410",130,87,13,101,245,127,11040,29,"Belum Matang"
"237",182,89,28,108,230,183,24486,40,"Setengah Matang"
"69.1",139,52,19,111,239,145,17691,27,"Setengah Matang"
"194.1",116,38,18,114,237,113,17313,45,"Setengah Matang"
"69",139,52,19,111,239,145,17691,27,"Setengah Matang"
"6",126,47,19,112,235,124,18801,35,"Belum Matang"
"145.1",172,74,28,110,233,174,23865,35,"Setengah Matang"
"56.1",179,72,30,111,232,182,33570,56,"Setengah Matang"
"28",132.146932090633,58.0644777631387,18.3853067909367,108.926533954684,238.073466045316,128.302852463443,18153.7280508564,35,"Belum Matang"
"140",144,69,18,107,240,147,18420,35,"Setengah Matang"
"63",152,61,21,110,239,158,20208,27,"Setengah Matang"
"148",134,65,16,107,242,130,15408,35,"Setengah Matang"
"36",140,94,17,101,244,138,11781,29,"Belum Matang"
"182",125,43,16,113,234,118,21180,45,"Setengah Matang"
"248",175,99,26,105,235,175,21246,36,"Belum Matang"
"172.1",125,59,16,108,241,119,16560,52,"Setengah Matang"
"76.1",122,62,15,105,241,115,15963,38,"Setengah Matang"
"156",130,80,13,101,244,128,9624,30,"Belum Matang"
"61",135,52,22,112,229,134,20934,27,"Setengah Matang"
"147",135,66,16,107,240,132,18462,35,"Setengah Matang"
"221",134,54,14,110,242,132,11271,26,"Belum Matang"
"80.1",153,56,22,112,239,156,18657,38,"Setengah Matang"
"235",163,71,23,109,234,163,21984,40,"Setengah Matang"
"213",171,94,21,105,237,175,13692,26,"Belum Matang"
"59",135,61,17,109,240,134,22770,56,"Setengah Matang"
"181",126,47,23,113,232,119,21147,45,"Setengah Matang"
"144.1",160,63,20,111,238,161,18816,35,"Setengah Matang"
"68",164,72,29,110,233,167,21315,27,"Setengah Matang"
"172",125,59,16,108,241,119,16560,52,"Setengah Matang"
"71.1",134,45,19,113,238,131,16104,27,"Setengah Matang"
"35",124,93,14,97,244,122,11169,29,"Belum Matang"
"53",194,85,32,110,228,196,34449,56,"Setengah Matang"
"168.1",122,55,14,108,241,115,16572,52,"Setengah Matang"
"90",150,74,23,108,235,149,19470,38,"Setengah Matang"
"202",160,56,26,113,231,160,22506,62,"Setengah Matang"
"210",141,50,20,112,235,143,22848,62,"Setengah Matang"
"57",160,73,22,109,238,162,22734,56,"Setengah Matang"
"111",136.689528686926,60.1732991915196,18.6895286869258,109.068586060777,239.310471313074,135.137172121555,16575.1117035393,35,"Belum Matang"
"186",164,65,33,112,220,167,25044,45,"Setengah Matang"
"23",133.074541219044,76.6863530476112,17.4946756272111,104.462729390478,242.515973118367,129.590514337411,12684.7723709147,31.9680537632667,"Belum Matang"
"91",158.937171683647,101.460097935982,21.0169758116826,102.147707374766,238.261463126168,159.23258643318,17178.0939298393,33.0169758116826,"Belum Matang"
"238",203,100,35,108,224,203,29751,40,"Setengah Matang"
"1211",112,36,17,114,235,107,23949,49,"Matang"
"109",165,59,27,113,226,164,25035,31,"Matang"
"267",109,34,16,114,237,107,20424,51,"Matang"
"98",109,32,16,115,236,107,21405,43,"Matang"
"332",130.217543272767,45.6221320279874,24.3244264055975,113.891857864801,234.918578648008,123.866396083962,25722.6224137614,52.4045887552202,"Matang"
"262",103,34,17,114,228,100,24771,51,"Matang"
"128",129,41,20,114,234,123,22452,49,"Matang"
"1311",127,40,21,115,233,121,23631,49,"Matang"
"129",110,33,17,115,235,106,22161,49,"Matang"
"125",143,49,23,113,231,141,24873,49,"Matang"
"130",127,39,21,115,233,122,19941,49,"Matang"
"106",111,35,14,114,236,109,19011,31,"Matang"
"412",133.94896000158,43.4787333339918,21.988657778129,114,233.005671110936,131.946124446113,21743.4640269619,36.9829866671935,"Matang"
"103",110,40,17,113,232,106,23595,43,"Matang"
"266",107,32,16,114,237,103,21636,51,"Matang"
"510",115.248563778587,35.6242818892933,17.43642283394,114,235.187859055353,112.248563778587,18025.3655735592,31,"Matang"
"108",177,65,32,113,221,177,26961,31,"Matang"
"122",103,32,17,115,232,99,24948,49,"Matang"
"312",122.636970373802,42.6369703738019,20.7654043224175,113.446919135517,236.106161728967,116.318485186901,22562.9951225279,44.2739407476038,"Matang"
"99",122,38,21,115,234,117,22410,43,"Matang"
"192",116,37,17,114,242,111,21627,55,"Matang"
"372",134.784943276783,44.4159740693867,22.81198055204,114,230.14101458597,134.38893679413,22823.5761304647,42.7179708280601,"Matang"
"173",140.128779418999,48.9641657418106,25.909294516081,113.618141096784,231.799552064622,136.183650644729,25321.4210518186,53.4725643871352,"Matang"
"97",112,37,20,115,235,109,22617,43,"Matang"
"259",163,57,29,113,225,164,24537,51,"Matang"
"263",105,32,16,115,238,100,19845,51,"Matang"
"127",170,58,30,114,225,169,34074,49,"Matang"
"2511",112.032760924427,34.5573676088825,17.2786838044412,114.360658097779,236.081974293338,108.311444728868,18914.757532269,38.2131619555876,"Matang"
"2211",112.379085914465,36.6209140855353,19.4945521140471,114.873638028512,235.126361971488,109.379085914465,22166.2668477015,41.4836563421413,"Matang"
"117",115,34,16,114,236,112,19050,31,"Matang"
"206",119,41,24,115,235,115,24651,55,"Matang"
"422",180.484615091234,66.7423075456172,33.8594404794276,113.007808862254,220.124941796064,181.453379642218,29875.7975039463,50.8438227549195,"Matang"
"282",171,60,30,113,229,170,33951,55,"Matang"
"611",126,44,24,114,236,119,25806,55,"Matang"
"133",176,61,28,113,229,176,30012,49,"Matang"
"104",150,56,24,112,233,148,25818,43,"Matang"
"95",138,48,21,113,233,135,22794,43,"Matang"
"232",112,35,18,115,241,109,22083,55,"Matang"
"260",181,67,34,113,220,182,29961,51,"Matang"
"1210",157.039814373944,56.0603172443807,25.1109787370078,112.161640229635,233.242460344452,158.635713799857,29665.8875690396,53.0603172443807,"Matang"
"352",161.493680088781,54.7974720355123,27.4240520133171,113.525315995561,229.101263982244,160.493680088781,27512.6795384127,43,"Matang"
"124",149,51,23,113,233,148,24720,49,"Matang"
"261",127,41,20,114,232,120,20991,51,"Matang"
"268",114,36,15,114,238,109,20286,51,"Matang"
"342",115.675246561179,35.6752465611789,18,114.324753438821,235,112.350493122358,18332.5186413287,31,"Matang"
"120",114,37,16,113,240,110,14814,31,"Matang"
"382",120.826799969422,42.0243636085652,21.4194908868521,114,233.59269091743,114.617054525996,21863.0381266989,40.6292363302782,"Matang"
"256",105,32,14,114,236,102,21843,51,"Matang"
"100",152,51,26,114,231,151,25116,43,"Matang"
"1111",143,47,24,114,229,140,20676,31,"Matang"
"135",131,48,28,114,226,124,24375,49,"Matang"
"1611",117.18890654319,37.9815109053161,20.3778130863793,114.396302181063,235,113.792604362126,20871.2479556368,40.5112523455173,"Matang"
"2010",114.180528268218,36.909735865891,16.180528268218,113.090264134109,239.548679329455,110.270792402327,15136.7845435739,31,"Matang"
"5011",118.138882867061,36.6904710289091,18.2420591907576,114,237.345235514455,113.793647352606,21340.9360811161,41.7618841156363,"Matang"
"5511",110.110198772047,34.9201135840267,16.4334279866889,114,236,106.136827577371,22807.3675111248,51.9733711946756,"Matang"
"2510",131,43,21,114,237,125,25638,55,"Matang"
"187",122,43,20,114,237,115,25662,55,"Matang"
"2111",151.326289322693,51,26.6737106773071,114,229.652578645386,148.978867968079,23018.0649508657,43,"Matang"
"257",124,41,18,114,232,119,24846,51,"Matang"
"402",114.793652461842,36,16.1904786927626,114,236.809521307237,110.587304923683,19533.6174661741,43.063475381583,"Matang"
"1101",165,59,26,112,228,165,24906,31,"Matang"
"270",143,51,25,113,225,142,25125,51,"Matang"
"228",125,44,19,113,236,122,26775,55,"Matang"
"116",105,31,14,115,238,103,19167,31,"Matang"
"230",114.893421311863,35.4467106559314,17.1700659838971,114,235.276644672034,111.893421311863,17853.0326915814,31,"Matang"
"258",114,43,22,113,224,106,26742,51,"Matang"
"4911",113.890652307775,36.2687827693298,15.7562609231099,114,237.51252184622,110.134391384665,19989.4355115392,40.0751310773194,"Matang"
"362",159.833984482568,55.3870313102379,27.8801562758163,113.686640620697,227.866406206973,159.14734386187,25694.1480548135,39.2396874483675,"Matang"
"176",117,40,17,114,240,112,25812,55,"Matang"
"452",110.454276697012,33.3817106788047,15.3091446605977,114,236.309144660598,107.145132036414,18052.5333545201,37.1828932119533,"Matang"
"392",122.974434355274,41.9744343552738,18.3923303065822,113.202556564473,236,119.974434355274,25210.250539449,50.1386424526572,"Matang"
"136",142.696421450237,46.2590717894491,21.4484763508663,113.545960304094,232.821722128661,141.058540537953,24027.1831465163,39.1727145262994,"Matang"
"313",115,34,16,114,236,112,19050,31,"Matang"
"102",151,51,27,114,229,148,22002,43,"Matang"
"521",122.310438396176,41.7862630377058,21.0483507169411,114,234.524175358471,117.524175358471,23886.6900536909,46.1450521508232,"Matang"
"1511",115.29115540185,35.3551816360559,15.9679868828971,114,235.612805246841,111.710363272112,17611.1650516063,34.4847527784295,"Matang"
"5311",144.956190858968,47.6189716123044,24.5912381717935,114.281752365641,231.563504731283,142.829181396402,23657.9315078063,44.6905141938478,"Matang"
"114",115,35,18,115,235,111,18213,31,"Matang"
"1110",115.994500972331,43.1662084143609,22.3324168287218,113.166208414361,225.994500972331,108.160709386691,26586.4289241582,51.6648336574435,"Matang"
"2351",125.755256963894,40.5466781519353,18.3380993399769,113.532380132005,234.597140396014,122.755256963894,20800.7687857747,36.6114384159446,"Matang"
"115",107,31,15,115,238,105,16935,31,"Matang"
"73",131.1992710419,43.8352717040107,21.2069085491821,113.421454605646,229.636000662111,129.356361830607,22564.6632706979,42.5709078870714,"Matang"
"291",109.737719346769,32.5207430683076,16.3471620455384,114.956604744308,236,107.520743068308,21595.9825203018,43.5207430683076,"Matang"
"134",131,43,20,114,233,126,22698,49,"Matang"
"910",118.714961109217,37.3574805546086,18.1234073231462,113.876592676854,235.123407323146,115.591553786071,18636.5678316462,31,"Matang"
"5611",135.178998738993,43.6859193947166,21.2465396721382,113.59642002522,233.578520151321,132.986158688553,24185.9587590485,40.6859193947166,"Matang"
"264",104,31,16,114,235,101,20871,51,"Matang"
"5411",113.071037438698,35.0710374386981,15.5355187193491,113.732240640325,236.535518719349,109.267759359675,17424.1795879346,34.2131123160943,"Matang"
"119",138,47,19,113,236,134,20388,31,"Matang"
"432",173.091781015042,60.7346681607887,31.6785564271268,113.188777653268,222.887776532676,171.28055866831,33689.8089826147,47.8673340803944,"Matang"
"123",178,63,33,113,221,176,35685,49,"Matang"
"96",172,59,29,113,227,171,30165,43,"Matang"
"2110",111,36,17,114,240,110,23781,55,"Matang"
"82",124.42015562579,41.6302334386855,19.2604668773711,114,232.840311251581,119,25047.6747003794,51.8403112515807,"Matang"
"113",103,30,14,115,237,101,17568,31,"Matang"
"2411",106.538971694652,31.6995325884782,14.5596260707825,114.860093482304,237.580280446913,104.399065176956,19058.2926357505,31,"Matang"
"413",130.932617114624,45.9301545231137,25.0723080683965,114,234.069845476886,124.790463569341,25372.3586171404,52.4264606358483,"Matang"
"143",115.646336221602,34.3231681108009,16.1330692220945,113.980990111129,235.942970333388,112.684355999343,19157.7860698965,31.3421779996715,"Matang"
"93",149,52,25,113,228,150,25074,43,"Matang"
"911",121,41,20,114,234,117,23205,43,"Matang"
"302",128,48,23,113,237,119,25935,55,"Matang"
"2610",125.07926826831,38.6796602674294,18.8797909338027,114,233.480182932923,122.07926826831,19635.3175072954,31,"Matang"
"118",116,36,18,114,235,113,18390,31,"Matang"
"265",164,58,30,113,220,164,32925,51,"Matang"
"269",153,54,22,112,234,152,23991,51,"Matang"
"2811",116.790598592721,37.5811971854419,18.5929489445407,114,234.80235035182,113.39529929636,20578.5745542997,35.7435915563256,"Matang"
"2410",161,58,26,112,233,163,30828,55,"Matang"
"1011",149,53,29,114,227,146,23784,43,"Matang"
"2611",165,58,29,113,230,164,31776,55,"Matang"
"1821",106.405855017714,33.0479553900659,17.2619888475165,114.738011152484,232.785966542549,102.667843865231,23229.8771379869,44.2842007447034,"Matang"
"462",141.388776963111,48.2208701570053,23.7261664920952,113.747351832455,231.252648167545,139.630832460476,24731.7221371641,43,"Matang"
"92",123,44,23,114,233,116,23196,43,"Matang"
"275",145.315628297627,49.7149190083146,21.9145643636584,112.742806479335,230.971225917339,144.201418578625,21765.0428021327,31,"Matang"
"166",120,44,21,114,234,115,29463,55,"Matang"
"301",144.752940177917,47.980391740799,24.4901958703995,114,231.60392165184,143.450979351997,24475.0881469846,44.2078433036804,"Matang"
"471",118.663700959645,39.1076511195861,18.8879003198817,114,235.887900319882,113.887900319882,21618.40556309,41.6548038385808,"Matang"
"107",112,34,15,114,236,109,16449,31,"Matang"
"511",147.033566569909,49.137587463716,24.8825524782296,114,231.496643343009,145.5369232269,24971.1043046771,43.7449650145136,"Matang"
"1010",114.692488749744,35.6264253570698,17.6264253570698,114,235.37357464293,111.879276071209,18769.92541186,34.7357464293018,"Matang"
"292",122,40,21,114,239,116,24159,55,"Matang"
"322",108.685575078242,34,16.5262020768132,114,231.790383385494,105.685575078242,22060.4020814484,41.5240415362641,"Matang"
"271",126,44,24,114,236,119,25806,55,"Matang"
"442",121.550964094233,37.8203856376931,20.7305784565397,114.955096409423,234.089807181153,116.640771275386,22142.3296965722,42.4611569130793,"Matang"
"126",169,59,33,114,221,168,32457,49,"Matang"
"137",150.448060328607,50.3252436211333,25.59514617268,114,231.20242691366,149.38058469072,24873.087703608,42.59514617268,"Matang"
"4811",152.993727750145,50.5790812000632,25.6711307000369,114,228.401254449971,151.37531785015,29428.5048312396,43.4343109000474,"Matang"
"105",116,38,17,113,238,110,20091,43,"Matang"
"94",123,41,18,114,232,117,23796,43,"Matang"
"132",147,50,27,114,227,148,26241,49,"Matang"
"112",106,31,14,114,237,103,17916,31,"Matang"
"1911",129.717580153607,43.2564839692786,21.0259358771145,114,233.769451907836,124.20461221505,23495.152176518,50.5389038156718,"Matang"
